name,nodes,edges,time,result_set,result_w
h1,0,0,9.179000000081317e-06,[],0
mmg_fast,0,0,1.1380000000116297e-05,[],0
h1,20,30,5.482099999998269e-05,"['CL15', 'CL19', 'CL12']",209
mmg_fast,20,30,0.00031656700000004534,"['CL15', 'CL19', 'CL12']",209
h1,40,60,8.013799999995186e-05,"['CL23', 'CL32', 'CL24', 'CL28', 'CL39', 'CL31']",334
mmg_fast,40,60,0.0004513289999998893,"['CL32', 'CL28', 'CL31', 'CL39']",305
h1,100,150,0.0001393170000001387,"['CL90', 'CL93', 'CL58', 'CL79', 'CL71', 'CL80', 'CL56', 'CL60']",482
mmg_fast,100,150,0.0016372270000000189,"['CL90', 'CL93', 'CL58', 'CL79', 'CL56', 'CL80', 'CL71', 'CL60']",482
h1,200,300,0.00033239500000004085,"['CL162', 'CL163', 'CL102', 'CL129', 'CL164', 'CL165', 'CL172', 'CL117', 'CL160', 'CL183', 'CL199', 'CL127', 'CL114', 'CL180', 'CL167', 'CL155', 'CL192', 'CL121', 'CL161', 'CL112', 'CL187', 'CL182', 'CL171', 'CL166']",971
mmg_fast,200,300,0.009196494,"['CL164', 'CL121', 'CL127', 'CL117', 'CL171', 'CL187', 'CL155', 'CL162', 'CL172', 'CL165', 'CL192', 'CL134', 'CL163', 'CL183', 'CL147', 'CL199', 'CL180', 'CL167', 'CL161', 'CL182', 'CL166']",953
h1,400,600,0.0005133510000001618,"['CL252', 'CL363', 'CL375', 'CL221', 'CL334', 'CL259', 'CL275', 'CL287', 'CL365', 'CL276', 'CL340', 'CL377', 'CL242', 'CL211', 'CL218', 'CL319', 'CL272', 'CL293', 'CL314', 'CL203', 'CL225', 'CL310', 'CL372', 'CL337', 'CL301', 'CL306', 'CL386', 'CL336', 'CL231', 'CL255', 'CL224', 'CL311', 'CL239', 'CL378', 'CL384', 'CL327', 'CL385', 'CL262', 'CL288', 'CL212', 'CL374', 'CL335', 'CL237', 'CL214', 'CL277']",1754
mmg_fast,400,600,0.026802063000000098,"['CL375', 'CL312', 'CL386', 'CL314', 'CL232', 'CL327', 'CL372', 'CL211', 'CL377', 'CL218', 'CL255', 'CL336', 'CL237', 'CL385', 'CL363', 'CL275', 'CL310', 'CL239', 'CL225', 'CL253', 'CL224', 'CL384', 'CL252', 'CL221', 'CL287', 'CL319', 'CL293', 'CL301', 'CL203', 'CL242', 'CL311', 'CL306', 'CL262', 'CL290', 'CL288', 'CL212', 'CL374', 'CL335', 'CL214', 'CL277']",1755
h1,600,900,0.0009067890000000745,"['CL399', 'CL560', 'CL367', 'CL553', 'CL320', 'CL304', 'CL477', 'CL346', 'CL569', 'CL357', 'CL397', 'CL481', 'CL502', 'CL509', 'CL550', 'CL556', 'CL594', 'CL599', 'CL313', 'CL338', 'CL334', 'CL345', 'CL462', 'CL461', 'CL527', 'CL434', 'CL435', 'CL441', 'CL458', 'CL512', 'CL352', 'CL312', 'CL342', 'CL457', 'CL339', 'CL593', 'CL460', 'CL471', 'CL414', 'CL592', 'CL383', 'CL317', 'CL349', 'CL437', 'CL576', 'CL408', 'CL557', 'CL381', 'CL586', 'CL444', 'CL589', 'CL371', 'CL328', 'CL404', 'CL566', 'CL442', 'CL343', 'CL475', 'CL366', 'CL429', 'CL426', 'CL370', 'CL333']",2263
mmg_fast,600,900,0.061943260999999916,"['CL399', 'CL477', 'CL481', 'CL560', 'CL509', 'CL471', 'CL405', 'CL312', 'CL566', 'CL414', 'CL367', 'CL553', 'CL346', 'CL569', 'CL397', 'CL502', 'CL441', 'CL383', 'CL426', 'CL357', 'CL599', 'CL527', 'CL435', 'CL334', 'CL352', 'CL586', 'CL342', 'CL457', 'CL460', 'CL573', 'CL317', 'CL349', 'CL576', 'CL404', 'CL408', 'CL442', 'CL423', 'CL589', 'CL462', 'CL461', 'CL434', 'CL338', 'CL418', 'CL593', 'CL592', 'CL458', 'CL381', 'CL444', 'CL328', 'CL343', 'CL475', 'CL366', 'CL429', 'CL370', 'CL333']",2178
h1,1000,1500,0.0014174920000000757,"['CL874', 'CL846', 'CL922', 'CL623', 'CL787', 'CL643', 'CL951', 'CL560', 'CL585', 'CL981', 'CL943', 'CL575', 'CL774', 'CL948', 'CL875', 'CL920', 'CL536', 'CL633', 'CL683', 'CL638', 'CL622', 'CL935', 'CL620', 'CL578', 'CL962', 'CL743', 'CL670', 'CL831', 'CL924', 'CL626', 'CL880', 'CL820', 'CL838', 'CL713', 'CL677', 'CL898', 'CL615', 'CL824', 'CL507', 'CL569', 'CL785', 'CL822', 'CL695', 'CL768', 'CL542', 'CL692', 'CL813', 'CL977', 'CL588', 'CL793', 'CL936', 'CL613', 'CL632', 'CL558', 'CL980', 'CL557', 'CL894', 'CL776', 'CL733', 'CL744', 'CL672', 'CL694', 'CL959', 'CL639', 'CL809', 'CL590', 'CL993', 'CL541', 'CL914', 'CL900', 'CL931', 'CL526', 'CL848', 'CL587', 'CL952', 'CL788', 'CL706', 'CL592', 'CL512', 'CL945', 'CL909', 'CL602', 'CL682', 'CL571', 'CL699', 'CL501', 'CL913', 'CL734', 'CL827', 'CL581', 'CL748', 'CL781', 'CL610', 'CL656', 'CL783', 'CL720', 'CL889', 'CL879', 'CL631', 'CL960', 'CL747', 'CL804', 'CL855', 'CL685', 'CL520', 'CL661', 'CL514', 'CL658', 'CL550', 'CL726', 'CL942', 'CL552', 'CL998', 'CL548', 'CL751', 'CL589', 'CL953', 'CL761']",4858
mmg_fast,1000,1500,0.14739534899999995,"['CL643', 'CL953', 'CL704', 'CL683', 'CL569', 'CL596', 'CL827', 'CL707', 'CL620', 'CL935', 'CL838', 'CL831', 'CL785', 'CL993', 'CL526', 'CL901', 'CL579', 'CL613', 'CL505', 'CL585', 'CL744', 'CL880', 'CL695', 'CL590', 'CL720', 'CL949', 'CL936', 'CL784', 'CL814', 'CL931', 'CL552', 'CL706', 'CL874', 'CL846', 'CL951', 'CL943', 'CL920', 'CL670', 'CL896', 'CL820', 'CL507', 'CL626', 'CL813', 'CL980', 'CL822', 'CL959', 'CL885', 'CL945', 'CL639', 'CL830', 'CL685', 'CL550', 'CL821', 'CL761', 'CL623', 'CL575', 'CL774', 'CL743', 'CL542', 'CL588', 'CL632', 'CL558', 'CL898', 'CL733', 'CL809', 'CL764', 'CL541', 'CL914', 'CL587', 'CL788', 'CL592', 'CL557', 'CL501', 'CL694', 'CL581', 'CL781', 'CL610', 'CL900', 'CL656', 'CL952', 'CL508', 'CL879', 'CL631', 'CL747', 'CL855', 'CL520', 'CL661', 'CL724', 'CL514', 'CL658', 'CL913', 'CL726', 'CL942', 'CL998', 'CL548', 'CL751', 'CL589']",4847
h1,2000,3000,0.0030847579999999653,"['CL1444', 'CL1606', 'CL1328', 'CL1923', 'CL1461', 'CL1645', 'CL1576', 'CL1720', 'CL1308', 'CL1193', 'CL1764', 'CL1035', 'CL1886', 'CL1369', 'CL1647', 'CL1120', 'CL1570', 'CL1033', 'CL1626', 'CL1860', 'CL1531', 'CL1994', 'CL1930', 'CL1519', 'CL1498', 'CL1429', 'CL1796', 'CL1832', 'CL1681', 'CL1140', 'CL1631', 'CL1950', 'CL1798', 'CL1551', 'CL1388', 'CL1064', 'CL1216', 'CL1068', 'CL1858', 'CL1513', 'CL1470', 'CL1108', 'CL1335', 'CL1407', 'CL1955', 'CL1963', 'CL1941', 'CL1425', 'CL1214', 'CL1025', 'CL1370', 'CL1385', 'CL1320', 'CL1675', 'CL1222', 'CL1229', 'CL1260', 'CL1618', 'CL1630', 'CL1781', 'CL1873', 'CL1684', 'CL1929', 'CL1204', 'CL1574', 'CL1184', 'CL1168', 'CL1383', 'CL1834', 'CL1687', 'CL1362', 'CL1872', 'CL1627', 'CL1742', 'CL1517', 'CL1844', 'CL1284', 'CL1045', 'CL1556', 'CL1224', 'CL1165', 'CL1053', 'CL1591', 'CL1778', 'CL1097', 'CL1633', 'CL1847', 'CL1212', 'CL1127', 'CL1029', 'CL1724', 'CL1736', 'CL1841', 'CL1365', 'CL1304', 'CL1845', 'CL1047', 'CL1071', 'CL1098', 'CL1992', 'CL1315', 'CL1774', 'CL1639', 'CL1741', 'CL1298', 'CL1329', 'CL1975', 'CL1830', 'CL1005', 'CL1772', 'CL1688', 'CL1243', 'CL1957', 'CL1462', 'CL1270', 'CL1228', 'CL1956', 'CL1690', 'CL1489', 'CL1169', 'CL1961', 'CL1951', 'CL1982', 'CL1567', 'CL1273', 'CL1276', 'CL1843', 'CL1518', 'CL1820', 'CL1490', 'CL1263', 'CL1069', 'CL1651', 'CL1495', 'CL1550', 'CL1200', 'CL1249', 'CL1134', 'CL1943', 'CL1469', 'CL1152', 'CL1703', 'CL1143', 'CL1611', 'CL1697', 'CL1732', 'CL1488', 'CL1895', 'CL1502', 'CL1746', 'CL1239', 'CL1094', 'CL1759', 'CL1475', 'CL1632', 'CL1018', 'CL1859', 'CL1379', 'CL1247', 'CL1889', 'CL1935', 'CL1678', 'CL1197', 'CL1104', 'CL1629', 'CL1099', 'CL1378', 'CL1215', 'CL1408', 'CL1054', 'CL1219', 'CL1921', 'CL1602', 'CL1788', 'CL1740', 'CL1597', 'CL1415', 'CL1317', 'CL1223', 'CL1571', 'CL1363', 'CL1439', 'CL1810', 'CL1646', 'CL1817', 'CL1296', 'CL1164', 'CL1824', 'CL1101', 'CL1663', 'CL1433', 'CL1592', 'CL1457', 'CL1808', 'CL1153', 'CL1735', 'CL1884', 'CL1954', 'CL1185', 'CL1412', 'CL1446', 'CL1811', 'CL1711', 'CL1938', 'CL1610', 'CL1027', 'CL1460', 'CL1560', 'CL1246', 'CL1112', 'CL1162', 'CL1116', 'CL1541', 'CL1682', 'CL1016', 'CL1336', 'CL1493', 'CL1598', 'CL1218', 'CL1852', 'CL1987']",9355
mmg_fast,2000,3000,0.5890640270000003,"['CL1844', 'CL1785', 'CL1772', 'CL1388', 'CL1131', 'CL1120', 'CL1626', 'CL1470', 'CL1260', 'CL1517', 'CL1929', 'CL1556', 'CL1781', 'CL1574', 'CL1845', 'CL1071', 'CL1018', 'CL1518', 'CL1720', 'CL1796', 'CL1675', 'CL1222', 'CL1184', 'CL1168', 'CL1900', 'CL1742', 'CL1047', 'CL1741', 'CL1005', 'CL1152', 'CL1270', 'CL1169', 'CL1837', 'CL1459', 'CL1336', 'CL1249', 'CL1308', 'CL1764', 'CL1886', 'CL1681', 'CL1963', 'CL1407', 'CL1212', 'CL1860', 'CL1204', 'CL1140', 'CL1469', 'CL1778', 'CL1097', 'CL1118', 'CL1029', 'CL1276', 'CL1263', 'CL1296', 'CL1703', 'CL1153', 'CL1512', 'CL1951', 'CL1632', 'CL1610', 'CL1027', 'CL1541', 'CL1197', 'CL1585', 'CL1444', 'CL1647', 'CL1362', 'CL1045', 'CL1335', 'CL1955', 'CL1229', 'CL1873', 'CL1627', 'CL1284', 'CL1304', 'CL1872', 'CL1143', 'CL1329', 'CL1462', 'CL1228', 'CL1489', 'CL1982', 'CL1820', 'CL1490', 'CL1439', 'CL1495', 'CL1393', 'CL1943', 'CL1646', 'CL1993', 'CL1732', 'CL1488', 'CL1205', 'CL1065', 'CL1318', 'CL1865', 'CL1239', 'CL1094', 'CL1811', 'CL1247', 'CL1881', 'CL1246', 'CL1240', 'CL1104', 'CL1378', 'CL1218', 'CL1602', 'CL1461', 'CL1645', 'CL1328', 'CL1035', 'CL1930', 'CL1570', 'CL1858', 'CL1385', 'CL1320', 'CL1498', 'CL1834', 'CL1687', 'CL1531', 'CL1832', 'CL1053', 'CL1370', 'CL1841', 'CL1631', 'CL1519', 'CL1064', 'CL1315', 'CL1216', 'CL1243', 'CL1956', 'CL1591', 'CL1941', 'CL1651', 'CL1069', 'CL1550', 'CL1611', 'CL1774', 'CL1697', 'CL1895', 'CL1759', 'CL1475', 'CL1127', 'CL1889', 'CL1957', 'CL1935', 'CL1678', 'CL1629', 'CL1099', 'CL1215', 'CL1408', 'CL1054', 'CL1219', 'CL1788', 'CL1567', 'CL1740', 'CL1597', 'CL1415', 'CL1317', 'CL1223', 'CL1363', 'CL1810', 'CL1134', 'CL1817', 'CL1224', 'CL1164', 'CL1824', 'CL1101', 'CL1663', 'CL1433', 'CL1808', 'CL1592', 'CL1457', 'CL1502', 'CL1735', 'CL1961', 'CL1884', 'CL1954', 'CL1185', 'CL1412', 'CL1446', 'CL1711', 'CL1938', 'CL1560', 'CL1460', 'CL1112', 'CL1162', 'CL1116', 'CL1598', 'CL1682', 'CL1493', 'CL1016', 'CL1852', 'CL1987']",9603
h1,4000,6000,0.00599260399999979,"['CL2741', 'CL3097', 'CL3721', 'CL2993', 'CL2028', 'CL3885', 'CL3137', 'CL2609', 'CL2918', 'CL2067', 'CL2105', 'CL2047', 'CL3791', 'CL2228', 'CL3278', 'CL3312', 'CL2233', 'CL3659', 'CL2496', 'CL2208', 'CL2967', 'CL2773', 'CL3970', 'CL3122', 'CL2870', 'CL2221', 'CL3465', 'CL2242', 'CL3400', 'CL3201', 'CL2404', 'CL3808', 'CL3163', 'CL2738', 'CL3907', 'CL2636', 'CL2615', 'CL2911', 'CL3942', 'CL3851', 'CL2765', 'CL3683', 'CL2351', 'CL2591', 'CL2576', 'CL3085', 'CL2466', 'CL2921', 'CL2118', 'CL3793', 'CL3585', 'CL2586', 'CL3769', 'CL3614', 'CL2115', 'CL2460', 'CL2211', 'CL3813', 'CL3835', 'CL2828', 'CL2006', 'CL3318', 'CL2605', 'CL2170', 'CL2866', 'CL2519', 'CL2512', 'CL3469', 'CL3212', 'CL2542', 'CL2598', 'CL2875', 'CL3417', 'CL2818', 'CL2533', 'CL3794', 'CL2045', 'CL3587', 'CL3507', 'CL2739', 'CL2973', 'CL2934', 'CL3513', 'CL3979', 'CL2480', 'CL2740', 'CL3690', 'CL3396', 'CL2333', 'CL2711', 'CL3654', 'CL3104', 'CL2885', 'CL3749', 'CL2575', 'CL3806', 'CL3565', 'CL2583', 'CL2536', 'CL2214', 'CL3374', 'CL2416', 'CL2099', 'CL3015', 'CL3658', 'CL3237', 'CL2036', 'CL3389', 'CL2716', 'CL3804', 'CL2968', 'CL2020', 'CL2995', 'CL3468', 'CL2881', 'CL3689', 'CL2742', 'CL3839', 'CL3629', 'CL3781', 'CL3857', 'CL3141', 'CL2024', 'CL3630', 'CL2220', 'CL3432', 'CL2960', 'CL2679', 'CL3825', 'CL3384', 'CL2962', 'CL3409', 'CL3049', 'CL3310', 'CL2277', 'CL3353', 'CL3860', 'CL2546', 'CL3285', 'CL2378', 'CL3077', 'CL2136', 'CL3404', 'CL2013', 'CL3921', 'CL3948', 'CL2299', 'CL3541', 'CL3903', 'CL2246', 'CL3106', 'CL3918', 'CL3011', 'CL3003', 'CL2571', 'CL3099', 'CL2258', 'CL3292', 'CL2936', 'CL3114', 'CL3895', 'CL2439', 'CL3332', 'CL2444', 'CL3121', 'CL3965', 'CL2143', 'CL3061', 'CL2670', 'CL2817', 'CL2892', 'CL3899', 'CL2414', 'CL2808', 'CL3300', 'CL3027', 'CL3882', 'CL3412', 'CL3195', 'CL3007', 'CL2998', 'CL2744', 'CL2120', 'CL2226', 'CL3382', 'CL3512', 'CL3296', 'CL3727', 'CL2804', 'CL2060', 'CL3634', 'CL3476', 'CL2432', 'CL2121', 'CL2614', 'CL2507', 'CL2100', 'CL2775', 'CL3178', 'CL2988', 'CL2865', 'CL3572', 'CL3489', 'CL3205', 'CL2860', 'CL3166', 'CL2384', 'CL3725', 'CL3964', 'CL3228', 'CL3112', 'CL3249', 'CL3266', 'CL3662', 'CL2171', 'CL2901', 'CL3020', 'CL3486', 'CL3584', 'CL2314', 'CL2714', 'CL3724', 'CL2176', 'CL2250', 'CL2599', 'CL2764', 'CL3615', 'CL2483', 'CL2729', 'CL2795', 'CL2856', 'CL2355', 'CL2446', 'CL2864', 'CL2388', 'CL3154', 'CL2041', 'CL3128', 'CL3239', 'CL3914', 'CL3452', 'CL2178', 'CL3464', 'CL3879', 'CL3500', 'CL2162', 'CL3552', 'CL3785', 'CL3928', 'CL2600', 'CL2932', 'CL2535', 'CL3897', 'CL2167', 'CL2269', 'CL2268', 'CL3505', 'CL2939', 'CL2981', 'CL3987', 'CL3245', 'CL3295', 'CL3818', 'CL2761', 'CL3110', 'CL3381', 'CL3567', 'CL3931', 'CL3708', 'CL3871', 'CL3063', 'CL3647', 'CL2104', 'CL2290', 'CL3161', 'CL2337', 'CL2810', 'CL3100', 'CL2434', 'CL3385', 'CL2058', 'CL2149', 'CL2626', 'CL3415', 'CL2488', 'CL2481', 'CL3685', 'CL3995', 'CL2279', 'CL3887', 'CL3858', 'CL2682', 'CL2751', 'CL3823', 'CL3084', 'CL3378', 'CL2582', 'CL3207', 'CL2640', 'CL3877', 'CL3912', 'CL3935', 'CL3977', 'CL2847', 'CL2933', 'CL2302', 'CL3139', 'CL3548', 'CL3083', 'CL2895', 'CL3036', 'CL2816', 'CL2421', 'CL2101', 'CL3803', 'CL2146', 'CL3053', 'CL2539', 'CL2602', 'CL2376', 'CL3957', 'CL3802', 'CL3759', 'CL3876', 'CL3849', 'CL2196', 'CL2345', 'CL2412', 'CL3686', 'CL3874', 'CL3187', 'CL2212', 'CL3180', 'CL2821', 'CL2643', 'CL3371', 'CL2494', 'CL2108', 'CL2443', 'CL2681', 'CL2281', 'CL2574', 'CL2798', 'CL3740', 'CL3881', 'CL3900', 'CL2506', 'CL3223', 'CL3131', 'CL3951', 'CL2458', 'CL2970', 'CL2750', 'CL3873', 'CL3167', 'CL2231', 'CL3081', 'CL2813', 'CL3222', 'CL2873', 'CL2261', 'CL3188', 'CL2128', 'CL3269', 'CL3577', 'CL3306', 'CL2029', 'CL2811', 'CL3093', 'CL2230', 'CL2015', 'CL2563', 'CL3341', 'CL3152', 'CL2009', 'CL3390', 'CL3307', 'CL3234', 'CL2109', 'CL2334', 'CL2165', 'CL2471', 'CL2448', 'CL3688', 'CL3945', 'CL2518', 'CL2018', 'CL2664', 'CL2301', 'CL2504', 'CL2515', 'CL2708', 'CL3257', 'CL3125', 'CL2200', 'CL3354', 'CL3019', 'CL2915', 'CL3795', 'CL2705', 'CL2826', 'CL2168', 'CL2883', 'CL2010', 'CL3150', 'CL3235', 'CL3494', 'CL3542', 'CL3742', 'CL3661', 'CL3165', 'CL2879', 'CL2657', 'CL3667', 'CL3998', 'CL3447', 'CL2436', 'CL2367', 'CL3767', 'CL3062', 'CL3254', 'CL2415', 'CL3044', 'CL2675', 'CL2206', 'CL2291', 'CL3321', 'CL2209', 'CL3115', 'CL3349', 'CL2204', 'CL3323', 'CL3543', 'CL2789', 'CL2899', 'CL3589', 'CL2831', 'CL2262', 'CL3847', 'CL2984', 'CL2491', 'CL3854', 'CL2116']",18161
mmg_fast,4000,6000,2.7809613800000004,"['CL2598', 'CL2246', 'CL2744', 'CL3860', 'CL3027', 'CL3876', 'CL2194', 'CL3721', 'CL2067', 'CL3793', 'CL2765', 'CL3979', 'CL3389', 'CL2439', 'CL2865', 'CL2664', 'CL3548', 'CL3296', 'CL2918', 'CL2773', 'CL2885', 'CL2024', 'CL2013', 'CL2742', 'CL2136', 'CL2345', 'CL2968', 'CL3409', 'CL3965', 'CL2068', 'CL2226', 'CL2259', 'CL3818', 'CL2741', 'CL2993', 'CL3885', 'CL2609', 'CL3585', 'CL3942', 'CL3907', 'CL2045', 'CL2480', 'CL2220', 'CL3630', 'CL2962', 'CL2728', 'CL3825', 'CL2892', 'CL3093', 'CL2764', 'CL2009', 'CL3354', 'CL3019', 'CL2162', 'CL3928', 'CL2932', 'CL2101', 'CL3504', 'CL3381', 'CL3567', 'CL2355', 'CL2443', 'CL2204', 'CL2789', 'CL3524', 'CL3520', 'CL2481', 'CL3181', 'CL2404', 'CL3970', 'CL3163', 'CL2118', 'CL2911', 'CL2586', 'CL3769', 'CL3794', 'CL3804', 'CL2170', 'CL3565', 'CL3374', 'CL3541', 'CL2299', 'CL2716', 'CL3629', 'CL3839', 'CL3141', 'CL3295', 'CL2036', 'CL2998', 'CL2378', 'CL3106', 'CL3003', 'CL3139', 'CL3910', 'CL2983', 'CL2817', 'CL3899', 'CL3781', 'CL2281', 'CL3128', 'CL3239', 'CL2628', 'CL3452', 'CL3732', 'CL2100', 'CL3572', 'CL2901', 'CL3020', 'CL3100', 'CL2275', 'CL2165', 'CL2448', 'CL3378', 'CL2864', 'CL2582', 'CL2708', 'CL3528', 'CL2173', 'CL3552', 'CL2421', 'CL2196', 'CL3180', 'CL2675', 'CL3685', 'CL3995', 'CL3097', 'CL2228', 'CL2870', 'CL2115', 'CL2591', 'CL2576', 'CL2542', 'CL2828', 'CL2351', 'CL3318', 'CL3507', 'CL2605', 'CL3396', 'CL2333', 'CL2099', 'CL3015', 'CL3658', 'CL3689', 'CL2507', 'CL3654', 'CL2679', 'CL3049', 'CL3310', 'CL3077', 'CL2250', 'CL3948', 'CL2258', 'CL3114', 'CL3895', 'CL3857', 'CL3404', 'CL3727', 'CL2804', 'CL2775', 'CL3011', 'CL3292', 'CL3166', 'CL2860', 'CL3036', 'CL2714', 'CL2176', 'CL3724', 'CL2298', 'CL2856', 'CL2795', 'CL3676', 'CL2108', 'CL3500', 'CL3464', 'CL3879', 'CL2939', 'CL2813', 'CL3222', 'CL3989', 'CL2761', 'CL3249', 'CL3931', 'CL3306', 'CL2902', 'CL3871', 'CL2290', 'CL3385', 'CL2810', 'CL2626', 'CL2488', 'CL3415', 'CL3508', 'CL3887', 'CL2751', 'CL3084', 'CL2145', 'CL3754', 'CL3912', 'CL2847', 'CL3935', 'CL2933', 'CL3083', 'CL3227', 'CL3235', 'CL2816', 'CL3005', 'CL2146', 'CL3053', 'CL2376', 'CL3665', 'CL3998', 'CL3849', 'CL3062', 'CL2412', 'CL2668', 'CL3349', 'CL2352', 'CL2681', 'CL2798', 'CL2984', 'CL3496', 'CL2028', 'CL3791', 'CL3278', 'CL3312', 'CL3659', 'CL3465', 'CL2460', 'CL3813', 'CL3835', 'CL3400', 'CL2738', 'CL3212', 'CL3808', 'CL2466', 'CL2921', 'CL3104', 'CL2020', 'CL2512', 'CL3469', 'CL2995', 'CL2875', 'CL2533', 'CL3683', 'CL2818', 'CL3513', 'CL2711', 'CL3903', 'CL2740', 'CL3690', 'CL3099', 'CL3300', 'CL3007', 'CL2881', 'CL3512', 'CL2988', 'CL2960', 'CL3417', 'CL2171', 'CL3964', 'CL3112', 'CL2546', 'CL3584', 'CL2599', 'CL3921', 'CL2729', 'CL3154', 'CL2446', 'CL2041', 'CL3914', 'CL2167', 'CL2269', 'CL3897', 'CL2143', 'CL2536', 'CL2670', 'CL3061', 'CL3384', 'CL2981', 'CL3245', 'CL2104', 'CL3063', 'CL2120', 'CL3161', 'CL2058', 'CL2387', 'CL2682', 'CL3858', 'CL3823', 'CL2614', 'CL3207', 'CL2640', 'CL3877', 'CL3178', 'CL2384', 'CL2302', 'CL3205', 'CL3332', 'CL2895', 'CL2602', 'CL3486', 'CL3759', 'CL3957', 'CL3187', 'CL3686', 'CL3874', 'CL2821', 'CL2643', 'CL2494', 'CL2388', 'CL2574', 'CL3881', 'CL2506', 'CL3900', 'CL3223', 'CL3131', 'CL3476', 'CL3951', 'CL2458', 'CL3505', 'CL2750', 'CL3167', 'CL2231', 'CL3081', 'CL2261', 'CL2873', 'CL2128', 'CL3188', 'CL3269', 'CL3577', 'CL2029', 'CL2811', 'CL2015', 'CL2230', 'CL2563', 'CL3152', 'CL3390', 'CL3307', 'CL3234', 'CL2109', 'CL2334', 'CL2471', 'CL2018', 'CL3688', 'CL3945', 'CL2518', 'CL2504', 'CL2301', 'CL2369', 'CL2515', 'CL3125', 'CL2200', 'CL3257', 'CL2178', 'CL2915', 'CL3795', 'CL2705', 'CL2826', 'CL2600', 'CL2168', 'CL2010', 'CL3150', 'CL2883', 'CL2086', 'CL3542', 'CL3803', 'CL3742', 'CL3165', 'CL3661', 'CL2657', 'CL3667', 'CL3447', 'CL2436', 'CL3767', 'CL2367', 'CL3044', 'CL3254', 'CL2415', 'CL2206', 'CL2291', 'CL3371', 'CL3321', 'CL2209', 'CL3115', 'CL3323', 'CL3543', 'CL2899', 'CL3589', 'CL2831', 'CL2262', 'CL3847', 'CL3854', 'CL2491', 'CL2116']",18494
h1,8000,12000,0.017312376999999657,"['CL7838', 'CL6941', 'CL6227', 'CL4942', 'CL7891', 'CL6688', 'CL5668', 'CL6445', 'CL7315', 'CL5308', 'CL7008', 'CL5066', 'CL5103', 'CL4822', 'CL6596', 'CL4422', 'CL6512', 'CL7665', 'CL4806', 'CL5402', 'CL6611', 'CL6274', 'CL6226', 'CL6645', 'CL7297', 'CL6556', 'CL5930', 'CL6352', 'CL6485', 'CL7448', 'CL4138', 'CL6015', 'CL5230', 'CL6013', 'CL6285', 'CL6351', 'CL6294', 'CL7023', 'CL7612', 'CL6290', 'CL5519', 'CL6661', 'CL7686', 'CL6824', 'CL7693', 'CL6110', 'CL4772', 'CL5221', 'CL5576', 'CL7972', 'CL5187', 'CL6103', 'CL7528', 'CL5104', 'CL5060', 'CL4466', 'CL7817', 'CL7552', 'CL7262', 'CL5051', 'CL4968', 'CL6623', 'CL5659', 'CL6197', 'CL4003', 'CL5169', 'CL6503', 'CL6193', 'CL5678', 'CL5300', 'CL5591', 'CL5428', 'CL6904', 'CL7378', 'CL5434', 'CL5284', 'CL7981', 'CL6154', 'CL6992', 'CL6875', 'CL4240', 'CL5526', 'CL6413', 'CL4558', 'CL5339', 'CL4583', 'CL6917', 'CL6215', 'CL6340', 'CL4351', 'CL5121', 'CL7694', 'CL7700', 'CL4169', 'CL4700', 'CL7267', 'CL7630', 'CL6211', 'CL4180', 'CL6851', 'CL7072', 'CL4453', 'CL7948', 'CL5942', 'CL7533', 'CL6080', 'CL4307', 'CL6012', 'CL7709', 'CL6974', 'CL5135', 'CL7717', 'CL4031', 'CL6977', 'CL4235', 'CL7010', 'CL5409', 'CL6924', 'CL7212', 'CL7739', 'CL7804', 'CL4232', 'CL6194', 'CL5213', 'CL4533', 'CL7567', 'CL6808', 'CL4413', 'CL5223', 'CL4857', 'CL4259', 'CL6735', 'CL5245', 'CL4074', 'CL7076', 'CL7777', 'CL4793', 'CL6935', 'CL4164', 'CL4651', 'CL6621', 'CL7667', 'CL5554', 'CL6458', 'CL5233', 'CL6799', 'CL4598', 'CL6074', 'CL4814', 'CL4748', 'CL4669', 'CL7417', 'CL5222', 'CL6168', 'CL4369', 'CL7256', 'CL5741', 'CL4823', 'CL7465', 'CL6471', 'CL5525', 'CL6493', 'CL4888', 'CL6023', 'CL5086', 'CL6654', 'CL4798', 'CL6028', 'CL5469', 'CL7522', 'CL6706', 'CL4939', 'CL7613', 'CL5343', 'CL6490', 'CL7407', 'CL7160', 'CL7974', 'CL7583', 'CL4706', 'CL5833', 'CL7967', 'CL7274', 'CL7260', 'CL4427', 'CL5633', 'CL7650', 'CL6541', 'CL4509', 'CL4649', 'CL4647', 'CL4365', 'CL7814', 'CL6209', 'CL6750', 'CL4865', 'CL5123', 'CL7502', 'CL5962', 'CL6772', 'CL6435', 'CL6328', 'CL4718', 'CL5586', 'CL7434', 'CL5545', 'CL7111', 'CL4400', 'CL4381', 'CL5064', 'CL5131', 'CL7458', 'CL5533', 'CL4686', 'CL4269', 'CL5497', 'CL7859', 'CL4890', 'CL7082', 'CL5738', 'CL6511', 'CL7035', 'CL7022', 'CL6180', 'CL6773', 'CL4635', 'CL5074', 'CL4102', 'CL6983', 'CL6627', 'CL4384', 'CL7388', 'CL7985', 'CL7595', 'CL4247', 'CL7538', 'CL6071', 'CL5235', 'CL7878', 'CL7198', 'CL5359', 'CL6365', 'CL4338', 'CL7219', 'CL5665', 'CL7007', 'CL7208', 'CL5587', 'CL5969', 'CL4436', 'CL4432', 'CL4387', 'CL5468', 'CL4350', 'CL5537', 'CL6162', 'CL6370', 'CL6434', 'CL7319', 'CL5703', 'CL4715', 'CL6092', 'CL5038', 'CL7415', 'CL5820', 'CL5621', 'CL4777', 'CL5568', 'CL4258', 'CL5564', 'CL4395', 'CL4151', 'CL7888', 'CL4699', 'CL6785', 'CL6145', 'CL7751', 'CL7944', 'CL4467', 'CL5824', 'CL6265', 'CL7802', 'CL4023', 'CL4372', 'CL5252', 'CL6905', 'CL6798', 'CL7445', 'CL7799', 'CL7946', 'CL6031', 'CL4544', 'CL6398', 'CL4280', 'CL6058', 'CL7009', 'CL7131', 'CL5715', 'CL6582', 'CL4744', 'CL6868', 'CL6870', 'CL5294', 'CL6105', 'CL6531', 'CL6858', 'CL6740', 'CL5080', 'CL6723', 'CL4817', 'CL6710', 'CL4048', 'CL4880', 'CL6734', 'CL7414', 'CL7727', 'CL4960', 'CL5316', 'CL5763', 'CL5449', 'CL4927', 'CL4625', 'CL7251', 'CL5317', 'CL7068', 'CL4052', 'CL5459', 'CL7624', 'CL4430', 'CL5125', 'CL6664', 'CL7041', 'CL5539', 'CL7012', 'CL5306', 'CL5049', 'CL7550', 'CL4025', 'CL5288', 'CL6607', 'CL5899', 'CL5503', 'CL6791', 'CL4217', 'CL7652', 'CL7166', 'CL5958', 'CL7057', 'CL6839', 'CL5658', 'CL4884', 'CL7133', 'CL7951', 'CL7909', 'CL6244', 'CL5024', 'CL4497', 'CL4573', 'CL7617', 'CL6157', 'CL6093', 'CL6399', 'CL5290', 'CL7016', 'CL7312', 'CL7910', 'CL6652', 'CL6447', 'CL5879', 'CL5775', 'CL4662', 'CL5821', 'CL5153', 'CL4539', 'CL4116', 'CL4800', 'CL7755', 'CL5091', 'CL4683', 'CL7470', 'CL5056', 'CL7317', 'CL7629', 'CL5117', 'CL6730', 'CL6836', 'CL5247', 'CL6548', 'CL7301', 'CL7589', 'CL4688', 'CL7071', 'CL5914', 'CL5363', 'CL7282', 'CL6273', 'CL5556', 'CL5297', 'CL5237', 'CL5642', 'CL4932', 'CL5462', 'CL4437', 'CL6973', 'CL4471', 'CL4677', 'CL7782', 'CL5023', 'CL6968', 'CL7563', 'CL6544', 'CL6035', 'CL6864', 'CL5843', 'CL7996', 'CL5415', 'CL6420', 'CL6261', 'CL6576', 'CL5837', 'CL5188', 'CL4889', 'CL4105', 'CL5734', 'CL4941', 'CL5725', 'CL4740', 'CL5193', 'CL5924', 'CL5450', 'CL6841', 'CL6237', 'CL7754', 'CL6883', 'CL6258', 'CL6001', 'CL5197', 'CL5478', 'CL6412', 'CL6679', 'CL4856', 'CL4689', 'CL7122', 'CL5753', 'CL5885', 'CL4810', 'CL5861', 'CL6468', 'CL4429', 'CL4525', 'CL6617', 'CL6522', 'CL4339', 'CL5923', 'CL7890', 'CL4875', 'CL5241', 'CL5041', 'CL5788', 'CL6997', 'CL7766', 'CL6143', 'CL7678', 'CL6437', 'CL5872', 'CL6186', 'CL5380', 'CL4873', 'CL7851', 'CL7100', 'CL7759', 'CL6454', 'CL5724', 'CL7055', 'CL7401', 'CL4720', 'CL5027', 'CL7346', 'CL6436', 'CL7223', 'CL6203', 'CL7876', 'CL5348', 'CL7676', 'CL6618', 'CL5181', 'CL4072', 'CL5013', 'CL6528', 'CL7825', 'CL4185', 'CL7014', 'CL7220', 'CL7963', 'CL4270', 'CL5422', 'CL7935', 'CL6091', 'CL4143', 'CL4409', 'CL7546', 'CL6500', 'CL5627', 'CL4768', 'CL7979', 'CL4842', 'CL5557', 'CL6857', 'CL6946', 'CL6090', 'CL6832', 'CL5202', 'CL4032', 'CL4734', 'CL7840', 'CL7086', 'CL4160', 'CL4083', 'CL6369', 'CL7756', 'CL4415', 'CL4611', 'CL7758', 'CL4921', 'CL4557', 'CL4478', 'CL4282', 'CL7409', 'CL7785', 'CL6106', 'CL4885', 'CL5862', 'CL5302', 'CL7228', 'CL5285', 'CL6016', 'CL5801', 'CL7926', 'CL6662', 'CL5362', 'CL7490', 'CL5940', 'CL4538', 'CL7660', 'CL4469', 'CL7247', 'CL4799', 'CL6947', 'CL5767', 'CL6069', 'CL6335', 'CL7668', 'CL6822', 'CL4127', 'CL5809', 'CL4100', 'CL5314', 'CL7108', 'CL7816', 'CL4371', 'CL4795', 'CL6149', 'CL6120', 'CL7684', 'CL7405', 'CL6310', 'CL6433', 'CL5491', 'CL4321', 'CL7798', 'CL5344', 'CL4386', 'CL5736', 'CL4606', 'CL6021', 'CL6636', 'CL4980', 'CL6405', 'CL6715', 'CL6179', 'CL4895', 'CL6055', 'CL5211', 'CL6982', 'CL4861', 'CL7934', 'CL7588', 'CL5612', 'CL5951', 'CL6446', 'CL5620', 'CL4355', 'CL5783', 'CL4163', 'CL7913', 'CL5200', 'CL5597', 'CL5690', 'CL7440', 'CL5312', 'CL5146', 'CL4797', 'CL7901', 'CL6691', 'CL5287', 'CL7873', 'CL5180', 'CL5043', 'CL4672', 'CL6076', 'CL4428', 'CL5475', 'CL7162', 'CL6079', 'CL7753', 'CL6658', 'CL5358', 'CL5609', 'CL7456', 'CL6386', 'CL7328', 'CL5485', 'CL7116', 'CL6067', 'CL5126', 'CL4166', 'CL6873', 'CL4563', 'CL4193', 'CL7744', 'CL4623', 'CL6185', 'CL6283', 'CL5433', 'CL4618', 'CL6655', 'CL7124', 'CL5582', 'CL4142', 'CL5625', 'CL4194', 'CL6530', 'CL6536', 'CL5538', 'CL4168', 'CL4632', 'CL4502', 'CL5766', 'CL5577', 'CL6717', 'CL7281', 'CL4617', 'CL5643', 'CL4886', 'CL5354', 'CL7376', 'CL6803', 'CL7069', 'CL5250', 'CL5324', 'CL5613', 'CL6056', 'CL4680', 'CL7217', 'CL5323', 'CL7641', 'CL5800', 'CL5465', 'CL4712', 'CL5480', 'CL4736', 'CL6356', 'CL5326', 'CL4486', 'CL7584', 'CL4979', 'CL4673', 'CL7295', 'CL7726', 'CL6525', 'CL7699', 'CL4824', 'CL5693', 'CL4835', 'CL6407', 'CL5145', 'CL5019', 'CL6153', 'CL7364', 'CL6709', 'CL5561', 'CL4146', 'CL6966', 'CL7895', 'CL6814', 'CL7452', 'CL4516', 'CL4990', 'CL6801', 'CL7089', 'CL5845', 'CL6930', 'CL4449', 'CL6998', 'CL4605', 'CL4986', 'CL4055', 'CL4121', 'CL4601', 'CL7778', 'CL5804', 'CL6088', 'CL5466', 'CL7371', 'CL4241', 'CL4572', 'CL7343', 'CL5950', 'CL5941', 'CL5115', 'CL4252', 'CL6104', 'CL7969', 'CL5483', 'CL6686', 'CL6527', 'CL7335', 'CL7355', 'CL4615', 'CL5758', 'CL4225', 'CL7698', 'CL5361', 'CL5039', 'CL6919', 'CL5727', 'CL5442', 'CL7046', 'CL4477', 'CL6819', 'CL4989', 'CL6931', 'CL6578', 'CL6616', 'CL5931', 'CL7439', 'CL5000', 'CL7773', 'CL4090', 'CL4655', 'CL5078', 'CL7441', 'CL7841', 'CL7141', 'CL7226', 'CL4419', 'CL7757', 'CL7310', 'CL6514', 'CL4705', 'CL4204', 'CL7815', 'CL6877', 'CL4107', 'CL7516', 'CL6760', 'CL7735', 'CL5186', 'CL6173', 'CL7839', 'CL5007', 'CL6059', 'CL7194', 'CL7999', 'CL5773', 'CL5456', 'CL7140', 'CL4495', 'CL7443', 'CL6677', 'CL7781', 'CL7637', 'CL6440', 'CL7279', 'CL5031', 'CL5706', 'CL5776', 'CL5918', 'CL4794', 'CL6212', 'CL5089', 'CL7366', 'CL4526', 'CL5710', 'CL7489', 'CL7359', 'CL5206', 'CL5295', 'CL4554', 'CL6166', 'CL7994', 'CL7748', 'CL4109', 'CL5868', 'CL5619', 'CL5226', 'CL5346', 'CL4181', 'CL5798', 'CL7953', 'CL4333', 'CL6085', 'CL5780', 'CL7515', 'CL6009', 'CL5219', 'CL7291', 'CL7732', 'CL5493', 'CL6766', 'CL6281', 'CL6025', 'CL4877', 'CL6669', 'CL4038', 'CL4947', 'CL7248', 'CL5757', 'CL6210', 'CL4905', 'CL6425', 'CL4281', 'CL7192', 'CL4026', 'CL5617', 'CL6887', 'CL4811', 'CL4807', 'CL4527', 'CL5098', 'CL4300', 'CL7573', 'CL4303', 'CL6444', 'CL6383', 'CL4441', 'CL7906', 'CL6702', 'CL4967', 'CL4961', 'CL7349', 'CL7126', 'CL4459', 'CL4620', 'CL4612', 'CL5002', 'CL7745', 'CL4276', 'CL7653', 'CL5681', 'CL4722', 'CL5881', 'CL7309', 'CL5555', 'CL4110', 'CL5510', 'CL4353', 'CL7513', 'CL5291', 'CL5607', 'CL5092', 'CL6068', 'CL5220', 'CL7155', 'CL4431', 'CL7616', 'CL5212', 'CL5055', 'CL5849', 'CL4361', 'CL7272', 'CL7571', 'CL4195', 'CL6907', 'CL4492', 'CL6643', 'CL6778', 'CL6609', 'CL4902', 'CL4779', 'CL5437', 'CL7508', 'CL4186', 'CL7769', 'CL6131', 'CL4732', 'CL7854', 'CL7568', 'CL6571', 'CL4234', 'CL6882', 'CL5546', 'CL7750', 'CL6492', 'CL4211', 'CL7102', 'CL5916', 'CL5675', 'CL4600', 'CL4764', 'CL7167', 'CL5236', 'CL4334', 'CL5791', 'CL5341', 'CL7384', 'CL7823', 'CL6566', 'CL5822', 'CL7011', 'CL4878', 'CL5910', 'CL4393', 'CL7518', 'CL4650', 'CL7645', 'CL4746', 'CL5682', 'CL7389', 'CL6620']",37851
mmg_fast,8000,12000,10.152932184,"['CL4240', 'CL5135', 'CL6511', 'CL6092', 'CL6679', 'CL6688', 'CL6645', 'CL7528', 'CL7981', 'CL4180', 'CL6180', 'CL6715', 'CL7502', 'CL6412', 'CL7538', 'CL4800', 'CL4437', 'CL7219', 'CL7758', 'CL7652', 'CL6841', 'CL5237', 'CL6105', 'CL5181', 'CL7584', 'CL7683', 'CL6090', 'CL7838', 'CL4422', 'CL6274', 'CL6226', 'CL6485', 'CL7686', 'CL6824', 'CL7552', 'CL6340', 'CL6154', 'CL6974', 'CL4413', 'CL6735', 'CL7319', 'CL7274', 'CL4649', 'CL7434', 'CL6607', 'CL7346', 'CL7546', 'CL6931', 'CL5787', 'CL6883', 'CL4429', 'CL6437', 'CL7401', 'CL6203', 'CL5146', 'CL4539', 'CL6655', 'CL7470', 'CL5056', 'CL6069', 'CL7246', 'CL5013', 'CL7750', 'CL4334', 'CL5822', 'CL6442', 'CL6941', 'CL6611', 'CL7378', 'CL5434', 'CL6623', 'CL7694', 'CL4369', 'CL5659', 'CL5409', 'CL4235', 'CL4259', 'CL4169', 'CL4700', 'CL7630', 'CL7739', 'CL4888', 'CL5497', 'CL7583', 'CL4427', 'CL5123', 'CL6541', 'CL7415', 'CL7111', 'CL4151', 'CL5821', 'CL6905', 'CL4102', 'CL5914', 'CL7782', 'CL5665', 'CL7007', 'CL4350', 'CL6522', 'CL5235', 'CL5879', 'CL7629', 'CL5117', 'CL4032', 'CL5459', 'CL5837', 'CL4105', 'CL5024', 'CL4497', 'CL6258', 'CL4573', 'CL7108', 'CL4116', 'CL7677', 'CL4861', 'CL7851', 'CL7359', 'CL4526', 'CL4198', 'CL4996', 'CL7852', 'CL5609', 'CL4022', 'CL7515', 'CL6237', 'CL7840', 'CL4807', 'CL4156', 'CL4525', 'CL7349', 'CL4770', 'CL6469', 'CL5212', 'CL5048', 'CL6666', 'CL6571', 'CL4234', 'CL6055', 'CL7969', 'CL4942', 'CL5668', 'CL7817', 'CL6290', 'CL4968', 'CL6110', 'CL5187', 'CL4533', 'CL4351', 'CL5169', 'CL5121', 'CL5591', 'CL5284', 'CL6080', 'CL4857', 'CL7709', 'CL5245', 'CL6074', 'CL5741', 'CL6808', 'CL4890', 'CL5775', 'CL7160', 'CL6490', 'CL7407', 'CL4384', 'CL7256', 'CL4865', 'CL6209', 'CL5962', 'CL5252', 'CL4381', 'CL5343', 'CL4544', 'CL5241', 'CL7082', 'CL7035', 'CL6858', 'CL5074', 'CL6071', 'CL4430', 'CL4338', 'CL4662', 'CL7751', 'CL6798', 'CL5543', 'CL7727', 'CL5038', 'CL5125', 'CL6536', 'CL7550', 'CL7764', 'CL6244', 'CL7617', 'CL5724', 'CL7759', 'CL4873', 'CL5247', 'CL4241', 'CL6500', 'CL6273', 'CL5642', 'CL4471', 'CL7698', 'CL5899', 'CL5188', 'CL7310', 'CL7754', 'CL7516', 'CL6736', 'CL4321', 'CL6433', 'CL6173', 'CL4980', 'CL5007', 'CL6179', 'CL4147', 'CL6997', 'CL7766', 'CL7678', 'CL4163', 'CL7055', 'CL5706', 'CL5760', 'CL7223', 'CL5043', 'CL5422', 'CL5627', 'CL4193', 'CL7124', 'CL7756', 'CL4194', 'CL6849', 'CL6444', 'CL4885', 'CL5862', 'CL6473', 'CL4612', 'CL7247', 'CL5362', 'CL5940', 'CL5767', 'CL4220', 'CL5220', 'CL4195', 'CL5314', 'CL7104', 'CL4895', 'CL4205', 'CL6104', 'CL4252', 'CL6227', 'CL6445', 'CL7315', 'CL5066', 'CL7891', 'CL6596', 'CL5402', 'CL7612', 'CL6013', 'CL4772', 'CL6193', 'CL5576', 'CL5339', 'CL7693', 'CL7262', 'CL6211', 'CL7948', 'CL5942', 'CL6413', 'CL5213', 'CL4232', 'CL6194', 'CL7076', 'CL6168', 'CL7700', 'CL6458', 'CL4814', 'CL4823', 'CL6992', 'CL7613', 'CL6654', 'CL7717', 'CL5469', 'CL4031', 'CL6870', 'CL4706', 'CL5633', 'CL7777', 'CL6772', 'CL5533', 'CL4269', 'CL7016', 'CL7022', 'CL6365', 'CL7878', 'CL7650', 'CL5468', 'CL5525', 'CL5820', 'CL4258', 'CL4372', 'CL7888', 'CL7802', 'CL7445', 'CL6031', 'CL6398', 'CL7946', 'CL4280', 'CL7131', 'CL5715', 'CL6618', 'CL6531', 'CL4817', 'CL4048', 'CL5317', 'CL7624', 'CL6664', 'CL5288', 'CL7012', 'CL5049', 'CL5958', 'CL7057', 'CL6947', 'CL7951', 'CL6399', 'CL7944', 'CL6310', 'CL6120', 'CL4683', 'CL6405', 'CL5091', 'CL6548', 'CL5297', 'CL5951', 'CL5462', 'CL6740', 'CL6968', 'CL5080', 'CL5180', 'CL7162', 'CL5358', 'CL4889', 'CL6283', 'CL5725', 'CL6001', 'CL5478', 'CL7122', 'CL4979', 'CL4486', 'CL4455', 'CL5027', 'CL4720', 'CL5145', 'CL6814', 'CL7825', 'CL6998', 'CL7317', 'CL5804', 'CL6836', 'CL4143', 'CL4927', 'CL7963', 'CL5115', 'CL6832', 'CL4734', 'CL6385', 'CL4478', 'CL4989', 'CL7409', 'CL6016', 'CL5302', 'CL4090', 'CL7926', 'CL4419', 'CL4100', 'CL4127', 'CL4371', 'CL6149', 'CL7735', 'CL7798', 'CL6059', 'CL6021', 'CL6636', 'CL5456', 'CL5211', 'CL6739', 'CL6540', 'CL4355', 'CL5783', 'CL6436', 'CL7366', 'CL4924', 'CL7935', 'CL6076', 'CL6085', 'CL7456', 'CL6386', 'CL5493', 'CL6025', 'CL7744', 'CL4514', 'CL6185', 'CL4618', 'CL6002', 'CL5625', 'CL6887', 'CL4168', 'CL4886', 'CL4300', 'CL4617', 'CL5646', 'CL5613', 'CL5324', 'CL6952', 'CL6702', 'CL6056', 'CL5002', 'CL5681', 'CL7641', 'CL4295', 'CL4834', 'CL7699', 'CL7726', 'CL7571', 'CL4442', 'CL6390', 'CL4779', 'CL4186', 'CL5019', 'CL4795', 'CL6153', 'CL7895', 'CL5546', 'CL4146', 'CL6801', 'CL4516', 'CL4990', 'CL4121', 'CL4013', 'CL5471', 'CL7232', 'CL7343', 'CL4855', 'CL4572', 'CL5941', 'CL7389', 'CL6277', 'CL7448', 'CL6285', 'CL6351', 'CL7023', 'CL5519', 'CL5230', 'CL4806', 'CL5428', 'CL6103', 'CL4453', 'CL5104', 'CL5060', 'CL4466', 'CL4003', 'CL4793', 'CL5300', 'CL6621', 'CL6904', 'CL4669', 'CL6023', 'CL4583', 'CL6917', 'CL7522', 'CL6750', 'CL6851', 'CL7814', 'CL7212', 'CL4400', 'CL7567', 'CL4635', 'CL7595', 'CL4590', 'CL7985', 'CL5233', 'CL4247', 'CL7388', 'CL4748', 'CL6370', 'CL4436', 'CL4432', 'CL4715', 'CL6875', 'CL5537', 'CL5086', 'CL6785', 'CL7010', 'CL6706', 'CL7967', 'CL6723', 'CL7251', 'CL4625', 'CL6734', 'CL7667', 'CL4647', 'CL4365', 'CL4960', 'CL5316', 'CL5449', 'CL7041', 'CL6435', 'CL4025', 'CL5545', 'CL7804', 'CL7910', 'CL7071', 'CL7282', 'CL6730', 'CL7301', 'CL7589', 'CL6973', 'CL4932', 'CL6035', 'CL6420', 'CL5703', 'CL5415', 'CL6261', 'CL5734', 'CL5568', 'CL5450', 'CL5193', 'CL4699', 'CL4689', 'CL5586', 'CL4467', 'CL6265', 'CL5753', 'CL5861', 'CL5788', 'CL7799', 'CL4339', 'CL5923', 'CL7009', 'CL4072', 'CL7676', 'CL7876', 'CL5348', 'CL4052', 'CL4185', 'CL7220', 'CL5763', 'CL4409', 'CL7979', 'CL7086', 'CL4160', 'CL4083', 'CL4611', 'CL5306', 'CL4921', 'CL4282', 'CL6106', 'CL5503', 'CL5285', 'CL6662', 'CL4469', 'CL4799', 'CL7490', 'CL6822', 'CL5809', 'CL6335', 'CL6093', 'CL7816', 'CL6447', 'CL7405', 'CL5344', 'CL4386', 'CL5736', 'CL4606', 'CL6982', 'CL7588', 'CL5612', 'CL5556', 'CL6446', 'CL5294', 'CL7913', 'CL4797', 'CL5200', 'CL7901', 'CL5690', 'CL5312', 'CL5023', 'CL7563', 'CL6079', 'CL7753', 'CL4505', 'CL4880', 'CL6658', 'CL7996', 'CL5126', 'CL5485', 'CL6067', 'CL6873', 'CL7116', 'CL4563', 'CL4623', 'CL5433', 'CL6530', 'CL5582', 'CL4142', 'CL5766', 'CL7376', 'CL5577', 'CL6717', 'CL7281', 'CL6803', 'CL7069', 'CL5250', 'CL4680', 'CL5800', 'CL5323', 'CL5326', 'CL6143', 'CL4712', 'CL5480', 'CL4736', 'CL6356', 'CL4673', 'CL7295', 'CL4824', 'CL5693', 'CL4835', 'CL7452', 'CL6709', 'CL6528', 'CL6966', 'CL7089', 'CL4986', 'CL5845', 'CL4055', 'CL7079', 'CL4605', 'CL5466', 'CL4601', 'CL6088', 'CL7778', 'CL7371', 'CL5950', 'CL6527', 'CL4615', 'CL7355', 'CL4842', 'CL6686', 'CL7335', 'CL4225', 'CL5758', 'CL5442', 'CL5361', 'CL5039', 'CL5727', 'CL6919', 'CL7046', 'CL6819', 'CL4477', 'CL5931', 'CL6578', 'CL6616', 'CL5000', 'CL7439', 'CL7773', 'CL7441', 'CL7841', 'CL7141', 'CL7226', 'CL5078', 'CL7757', 'CL4705', 'CL4204', 'CL7815', 'CL4107', 'CL6760', 'CL5186', 'CL7839', 'CL7194', 'CL5773', 'CL7781', 'CL7140', 'CL4495', 'CL7279', 'CL7637', 'CL6677', 'CL6440', 'CL7443', 'CL5776', 'CL5031', 'CL5620', 'CL5918', 'CL4794', 'CL5710', 'CL7489', 'CL6212', 'CL5089', 'CL4554', 'CL5206', 'CL5295', 'CL6166', 'CL4109', 'CL7994', 'CL7748', 'CL5346', 'CL5868', 'CL5798', 'CL4181', 'CL5226', 'CL7953', 'CL4333', 'CL5475', 'CL6009', 'CL5780', 'CL6766', 'CL7328', 'CL4877', 'CL6281', 'CL5219', 'CL7732', 'CL6669', 'CL6210', 'CL7248', 'CL4038', 'CL4947', 'CL7192', 'CL4281', 'CL4026', 'CL4905', 'CL6425', 'CL4502', 'CL5617', 'CL4811', 'CL4527', 'CL7573', 'CL4303', 'CL5098', 'CL6383', 'CL4441', 'CL4961', 'CL4967', 'CL7906', 'CL7126', 'CL4459', 'CL4620', 'CL7653', 'CL4722', 'CL4276', 'CL5881', 'CL4110', 'CL5555', 'CL4353', 'CL5510', 'CL7309', 'CL5465', 'CL5092', 'CL7513', 'CL5607', 'CL4431', 'CL5055', 'CL7155', 'CL6068', 'CL5849', 'CL7272', 'CL4361', 'CL6907', 'CL4492', 'CL6609', 'CL7508', 'CL6643', 'CL5437', 'CL4902', 'CL6778', 'CL6131', 'CL4732', 'CL7769', 'CL7854', 'CL7568', 'CL6882', 'CL6492', 'CL7102', 'CL4211', 'CL4600', 'CL5916', 'CL5675', 'CL4764', 'CL5236', 'CL7167', 'CL7384', 'CL7823', 'CL5791', 'CL6566', 'CL5341', 'CL5910', 'CL4650', 'CL7011', 'CL4393', 'CL7518', 'CL7645', 'CL4878', 'CL7934', 'CL5682', 'CL4746', 'CL6620']",37333
